Company_Name,Company_Description,Key_Principal,Industry,Address,Phone,website,Employee(This site),Employee(All site),Revenue,Year started,Incorporated,ESG ranking,ESG industry average
"NAPA Valley Wine Train, LLC","NAPA Valley Wine Train, LLC is located in NAPA, CA, United States and is part of the Scenic and Sightseeing Transportation, Land Industry. NAPA Valley Wine Train, LLC has 145 total employees across all of its locations and generates $25.40 million in sales (USD). (Sales figure is modelled). There are 9 companies in the NAPA Valley Wine Train, LLC corporate family.",Anthony J Giaccio   See more contacts,"Scenic and Sightseeing Transportation, Land ,  Restaurants and Other Eating Places ,  Rail Transportation ,  Other Transit and Ground Passenger Transportation ,  Scenic railroads for amusement","1275 McKinstry St NAPA, CA, 94559-1925 United States See other locations",(707) 253-2160,www.winetrain.com,125,145,No Data,1984,1984,3.0,3.0
"Als West Coast Logistics, Inc.","Als West Coast Logistics, Inc. is located in Santa Fe Springs, CA, United States and is part of the Scenic and Sightseeing Transportation, Land Industry. Als West Coast Logistics, Inc. has 65 total employees across all of its locations and generates $10.73 million in sales (USD). (Sales figure is modelled). There are 3 companies in the Als West Coast Logistics, Inc. corporate family.",Elvia Rodriguez   See more contacts,"Scenic and Sightseeing Transportation, Land ,  Warehousing and Storage ,  Scenic and Sightseeing Transportation ,  Transportation and Warehousing ,  Cabs, horse drawn: for hire","12202 Slauson Ave Santa Fe Springs, CA, 90670-2628 United States See other locations",(562) 696-1199,No Data,30,65,No Data,2012,No Data,No Data,No Data
"Altex Enterprises, Inc.","Altex Enterprises, Inc. is located in West Sacramento, CA, United States and is part of the Scenic and Sightseeing Transportation, Land Industry. Altex Enterprises, Inc. has 20 total employees across all of its locations and generates $4.67 million in sales (USD). (Sales figure is modelled).",Andrei Lutsuk   See more contacts,"Scenic and Sightseeing Transportation, Land ,  Scenic and Sightseeing Transportation ,  Transportation and Warehousing ,  Cabs, horse drawn: for hire","2600 Rice Ave West Sacramento, CA, 95691-2348 United States",(916) 372-8402,No Data,No Data,20,No Data,2005,No Data,2.0,2.0
"San Francisco North/Petaluma Koa, Inc","San Francisco North/Petaluma Koa, Inc is located in Petaluma, CA, United States and is part of the RV (Recreational Vehicle) Parks and Recreational Camps Industry. San Francisco North/Petaluma Koa, Inc has 50 total employees across all of its locations and generates $3.84 million in sales (USD). (Sales figure is modelled).",WILLIAM WOOD   See more contacts,"RV (Recreational Vehicle) Parks and Recreational Camps ,  Scenic and Sightseeing Transportation, Land ,  Accommodation ,  Accommodation and Food Services ,  Campgrounds","20 Rainsville Rd Petaluma, CA, 94952-8121 United States",(707) 763-1492,www.koa.com,No Data,50,No Data,1975,1981,2.0,2.0
Dei Logistics (usa) Corporation,"Dei Logistics (usa) Corporation is located in Fremont, CA, United States and is part of the Scenic and Sightseeing Transportation, Land Industry. Dei Logistics (usa) Corporation has 12 total employees across all of its locations and generates $3.76 million in sales (USD). (Sales figure is modelled).",Chung-Hsiu Yao   See more contacts,"Scenic and Sightseeing Transportation, Land ,  Warehousing and Storage ,  Scenic and Sightseeing Transportation ,  Transportation and Warehousing ,  Horse drawn transportation services","46101 Fremont Blvd Fremont, CA, 94538-6468 United States",(510) 668-5100,No Data,No Data,12,No Data,2000,2000,No Data,No Data
G & F Horse Trailer Repair,"G & F Horse Trailer Repair is located in Bloomington, CA, United States and is part of the Motor Vehicle Body and Trailer Manufacturing Industry. G & F Horse Trailer Repair has 11 total employees across all of its locations and generates $1.72 million in sales (USD). (Employees and Sales figures are modelled).",George E Liblin   See more contacts,"Motor Vehicle Body and Trailer Manufacturing ,  Automotive Repair and Maintenance ,  Scenic and Sightseeing Transportation, Land ,  Horse trailers, except fifth-wheel type ,  Trailer repair","2175 S Willow Ave Bloomington, CA, 92316-2970 United States",(909) 820-4600,www.gandfcompanies.net,11,11,No Data,1979,No Data,3.0,3.0
Nevada City Carriage Co,"Nevada City Carriage Co is located in Nevada City, CA, United States and is part of the Travel Arrangement and Reservation Services Industry. Nevada City Carriage Co has 8 total employees across all of its locations and generates $1.34 million in sales (USD). (Sales figure is modelled).",David Vertin   See more contacts,"Travel Arrangement and Reservation Services ,  Scenic and Sightseeing Transportation, Land ,  Other Transportation Equipment Manufacturing ,  Sightseeing tour companies ,  Horse drawn transportation services","431 Uren St Nevada City, CA, 95959-2367 United States",(530) 265-8778,www.nevadacitychamber.com,No Data,8,No Data,1985,No Data,3.0,3.0
Yosemite Mountain-Sugar Pine Amusement Co,"Yosemite Mountain-Sugar Pine Amusement Co is located in Fish Camp, CA, United States and is part of the Scenic and Sightseeing Transportation, Land Industry. Yosemite Mountain-Sugar Pine Amusement Co has 29 total employees across all of its locations and generates $1.18 million in sales (USD). (Employees and Sales figures are modelled).",Max Stauffer   See more contacts,"Scenic and Sightseeing Transportation, Land ,  Office Supplies, Stationery, and Gift Stores ,  Scenic and Sightseeing Transportation ,  Transportation and Warehousing ,  Scenic railroads for amusement","56001 Highway 41 Fish Camp, CA, 93623-9701 United States",(559) 683-7273,No Data,29,29,No Data,1966,1966,No Data,No Data
Bay Area Electric Railroad Association Incorporated,"Bay Area Electric Railroad Association Incorporated is located in Suisun City, CA, United States and is part of the Scenic and Sightseeing Transportation, Land Industry. Bay Area Electric Railroad Association Incorporated has 1 total employees across all of its locations and generates $1.07 million in sales (USD). (Sales figure is modelled).",John Coleman   See more contacts,"Scenic and Sightseeing Transportation, Land ,  Rail Transportation ,  Museums, Historical Sites, and Similar Institutions ,  Scenic railroads for amusement ,  Interurban railways","5848 State Highway 12 Suisun City, CA, 94585-9741 United States",(707) 374-2978,www.wrm.org,No Data,1,No Data,1949,1949,1.0,1.0
West 2 East Transport Inc.,"West 2 East Transport Inc. is located in Torrance, CA, United States and is part of the Scenic and Sightseeing Transportation, Land Industry. West 2 East Transport Inc. has 6 total employees across all of its locations and generates $1.00 million in sales (USD). (Sales figure is estimated).",WALTER IVAN SALGUERO   See more contacts,"Scenic and Sightseeing Transportation, Land ,  Scenic and Sightseeing Transportation ,  Transportation and Warehousing ,  Cabs, horse drawn: for hire","19106 Normandie Ave # 257 Torrance, CA, 90502-1010 United States",(866) 810-7101,No Data,No Data,6,No Data,2014,2014,No Data,No Data
"Southern California Railway Museum, Inc.","Southern California Railway Museum, Inc. is located in Perris, CA, United States and is part of the Museums, Historical Sites, and Similar Institutions Industry. Southern California Railway Museum, Inc. has 7 total employees across all of its locations and generates $850,422 in sales (USD).",Joseph Fuller   See more contacts,"Museums, Historical Sites, and Similar Institutions ,  Sporting Goods, Hobby, and Musical Instrument Stores ,  Scenic and Sightseeing Transportation, Land ,  Museum ,  Hobby, toy, and game shops","2201 S A St Perris, CA, 92570-9318 United States",(951) 943-3020,www.socalrailway.org,No Data,7,No Data,1956,1956,2.0,2.0
"Starway Transport, LLC","Starway Transport, LLC is located in Rancho Dominguez, CA, United States and is part of the Scenic and Sightseeing Transportation, Land Industry. Starway Transport, LLC has 2 total employees across all of its locations and generates $755,252 in sales (USD). (Sales figure is modelled). There are 3 companies in the Starway Transport, LLC corporate family.",Hee Kab Park   See more contacts,"Scenic and Sightseeing Transportation, Land ,  Scenic and Sightseeing Transportation ,  Transportation and Warehousing ,  Cabs, horse drawn: for hire","20021 S Rancho Way FL 1 Rancho Dominguez, CA, 90220-6318 United States See other locations",(310) 631-3430,www.starcluster.co.kr,No Data,2,No Data,2012,No Data,No Data,No Data
"Tiger Freight Services, Inc.","Tiger Freight Services, Inc. is located in San Gabriel, CA, United States and is part of the Scenic and Sightseeing Transportation, Land Industry. Tiger Freight Services, Inc. has 3 total employees across all of its locations and generates $540,093 in sales (USD). (Sales figure is modelled).",Tony M Hammac   See more contacts,"Scenic and Sightseeing Transportation, Land ,  Scenic and Sightseeing Transportation ,  Transportation and Warehousing ,  Horse drawn transportation services","7220 Rosemead Blvd Ste 101 San Gabriel, CA, 91775-1380 United States",(310) 202-7039,www.tigerfsi.com,No Data,3,No Data,2007,2007,3.0,3.0
Monterey Bay Equestrian Center,"Monterey Bay Equestrian Center is located in Salinas, CA, United States and is part of the Scenic and Sightseeing Transportation, Land Industry. Monterey Bay Equestrian Center has 3 total employees across all of its locations and generates $451,623 in sales (USD). (Sales figure is modelled).",MICHAEL MASTROIANNI   See more contacts,"Scenic and Sightseeing Transportation, Land ,  Scenic and Sightseeing Transportation ,  Transportation and Warehousing ,  Horse drawn transportation services ,  Cabs, horse drawn: for hire","19805 Pesante Rd Salinas, CA, 93907-1460 United States",(831) 663-5712,www.montereybayequestrian.com,No Data,3,No Data,1982,No Data,1.0,1.0
Ramon Pineda,"Ramon Pineda is located in Colton, CA, United States and is part of the Scenic and Sightseeing Transportation, Land Industry. Ramon Pineda has 1 total employees across all of its locations and generates $413,577 in sales (USD). (Sales figure is modelled).",Ramon Pineda   See more contacts,"Scenic and Sightseeing Transportation, Land ,  Scenic and Sightseeing Transportation ,  Transportation and Warehousing ,  Horse drawn transportation services","873 Walnut St Colton, CA, 92324-3320 United States",(909) 580-7671,No Data,No Data,1,No Data,2006,No Data,No Data,No Data
Amiano's Transportation Inc.,"Amiano's Transportation Inc. is located in Desert Hot Springs, CA, United States and is part of the Scenic and Sightseeing Transportation, Land Industry. Amiano's Transportation Inc. has 4 total employees across all of its locations and generates $344,685 in sales (USD). (Sales figure is modelled).",Paula E Amiano   See more contacts,"Scenic and Sightseeing Transportation, Land ,  Scenic and Sightseeing Transportation ,  Transportation and Warehousing ,  Cabs, horse drawn: for hire","67910 Alexandria Ct Desert Hot Springs, CA, 92240-6894 United States",(760) 821-3279,No Data,No Data,4,No Data,2011,2012,No Data,No Data
Sandhu Freights Inc,"Sandhu Freights Inc is located in Sacramento, CA, United States and is part of the Scenic and Sightseeing Transportation, Land Industry. Sandhu Freights Inc has 5 total employees across all of its locations and generates $306,942 in sales (USD). (Employees and Sales figures are modelled).",BHILI SANDHU   See more contacts,"Scenic and Sightseeing Transportation, Land ,  Scenic and Sightseeing Transportation ,  Transportation and Warehousing ,  Cabs, horse drawn: for hire","7874 Bothwell Dr Sacramento, CA, 95829-6089 United States",(916) 769-6599,No Data,5,5,No Data,2014,2014,No Data,No Data
"JW Transportation, LLC","JW Transportation, LLC is located in Los Angeles, CA, United States and is part of the Urban Transit Systems Industry. JW Transportation, LLC has 4 total employees across all of its locations and generates $250,185 in sales (USD). (Sales figure is modelled).",Ronald White   See more contacts,"Urban Transit Systems ,  Scenic and Sightseeing Transportation, Land ,  Charter Bus Industry ,  School and Employee Bus Transportation ,  Automotive Equipment Rental and Leasing","3963 Dalton Ave Los Angeles, CA, 90062-1213 United States",(323) 346-9316,No Data,No Data,4,No Data,2009,No Data,No Data,No Data
Asr Logistics Inc,"Asr Logistics Inc is located in Fresno, CA, United States and is part of the Scenic and Sightseeing Transportation, Land Industry. Asr Logistics Inc has 3 total employees across all of its locations and generates $249,687 in sales (USD). (Sales figure is modelled).",Kulwant Singh   See more contacts,"Scenic and Sightseeing Transportation, Land ,  Scenic and Sightseeing Transportation ,  Transportation and Warehousing ,  Cable cars, aerial: except amusement and scenic","4452 N Bain Ave Fresno, CA, 93722-0449 United States",(559) 577-0141,No Data,No Data,3,No Data,2016,2016,No Data,No Data
Paramount Transportation Inc,"Paramount Transportation Inc is located in Hayward, CA, United States and is part of the Scenic and Sightseeing Transportation, Land Industry. Paramount Transportation Inc has 3 total employees across all of its locations and generates $240,000 in sales (USD). (Sales figure is estimated).",Jose Guisande   See more contacts,"Scenic and Sightseeing Transportation, Land ,  Scenic and Sightseeing Transportation ,  Transportation and Warehousing ,  Cabs, horse drawn: for hire","1798 Panda Way Hayward, CA, 94541-4331 United States",(415) 350-0720,No Data,No Data,3,No Data,2004,No Data,3.0,3.0
US Freight Transport Inc,"US Freight Transport Inc is located in Lancaster, CA, United States and is part of the Scenic and Sightseeing Transportation, Land Industry. US Freight Transport Inc has 5 total employees across all of its locations and generates $226,528 in sales (USD). (Employees and Sales figures are modelled).",Julio Reyes   See more contacts,"Scenic and Sightseeing Transportation, Land ,  Scenic and Sightseeing Transportation ,  Transportation and Warehousing ,  Cabs, horse drawn: for hire","1142 E Avenue K13 Lancaster, CA, 93535-2944 United States",(661) 208-5859,No Data,5,5,No Data,2013,2013,No Data,No Data
Blue Connection (la) Corporation,"Blue Connection (la) Corporation is located in San Gabriel, CA, United States and is part of the Scenic and Sightseeing Transportation, Land Industry. Blue Connection (la) Corporation has 4 total employees across all of its locations and generates $223,142 in sales (USD). (Sales figure is modelled).",Mei Jun Yu   See more contacts,"Scenic and Sightseeing Transportation, Land ,  Scenic and Sightseeing Transportation ,  Transportation and Warehousing ,  Sightseeing bus","1005 E Las Tunas Dr Ste 55 San Gabriel, CA, 91776-1614 United States",(951) 710-7700,No Data,No Data,4,No Data,2012,2010,No Data,No Data
Open Door Sightseeing Big Bus Tours,"Open Door Sightseeing Big Bus Tours is located in San Francisco, CA, United States and is part of the Scenic and Sightseeing Transportation, Land Industry. Open Door Sightseeing Big Bus Tours has 6 total employees across all of its locations and generates $218,592 in sales (USD). (Employees and Sales figures are modelled).",Seth Swan   See more contacts,"Scenic and Sightseeing Transportation, Land ,  Scenic and Sightseeing Transportation ,  Transportation and Warehousing ,  Sightseeing bus","3240 3RD St San Francisco, CA, 94124-1204 United States",(707) 239-6432,www.bigbustours.com,6,6,No Data,2013,No Data,No Data,No Data
Nachhattar Kaur,"Nachhattar Kaur is located in Elk Grove, CA, United States and is part of the Scenic and Sightseeing Transportation, Land Industry. Nachhattar Kaur has 2 total employees across all of its locations and generates $209,216 in sales (USD). (Sales figure is modelled).",NACHHATTAR KAUR   See more contacts,"Scenic and Sightseeing Transportation, Land ,  Scenic and Sightseeing Transportation ,  Transportation and Warehousing ,  Cabs, horse drawn: for hire","8703 White Peacock Way Elk Grove, CA, 95624-3701 United States",(916) 952-5540,No Data,No Data,2,No Data,2011,No Data,3.0,3.0
Hector M Jimenez,"Hector M Jimenez is located in Redlands, CA, United States and is part of the Scenic and Sightseeing Transportation, Land Industry. Hector M Jimenez has 6 total employees across all of its locations and generates $204,247 in sales (USD). (Employees and Sales figures are modelled).",Hector M Jimenez   See more contacts,"Scenic and Sightseeing Transportation, Land ,  Scenic and Sightseeing Transportation ,  Transportation and Warehousing ,  Cabs, horse drawn: for hire","310 Hartford Cir Redlands, CA, 92374-4226 United States",(909) 253-3449,No Data,6,6,No Data,2008,2017,No Data,No Data
Mnk Transport Inc,"Mnk Transport Inc is located in Manteca, CA, United States and is part of the Scenic and Sightseeing Transportation, Land Industry. Mnk Transport Inc has 1 total employees across all of its locations and generates $203,704 in sales (USD). (Sales figure is modelled).",Beant Singh   See more contacts,"Scenic and Sightseeing Transportation, Land ,  Scenic and Sightseeing Transportation ,  Transportation and Warehousing ,  Cabs, horse drawn: for hire","198 Northgate Dr APT 133 Manteca, CA, 95336-3181 United States",(209) 679-7131,No Data,No Data,1,No Data,2003,2008,No Data,No Data
Harbans Singh,"Harbans Singh is located in Yuba City, CA, United States and is part of the Scenic and Sightseeing Transportation, Land Industry. Harbans Singh has 2 total employees across all of its locations and generates $198,495 in sales (USD). (Sales figure is modelled).",Harbans Singh   See more contacts,"Scenic and Sightseeing Transportation, Land ,  Scenic and Sightseeing Transportation ,  Transportation and Warehousing ,  Cabs, horse drawn: for hire","849 Klamt Ct Yuba City, CA, 95993-9278 United States",(530) 237-6855,No Data,No Data,2,No Data,2009,No Data,No Data,No Data
Sequoia Sightseeing Tours,"Sequoia Sightseeing Tours is located in Three Rivers, CA, United States and is part of the Scenic and Sightseeing Transportation, Land Industry. Sequoia Sightseeing Tours has 2 total employees across all of its locations and generates $174,266 in sales (USD). (Sales figure is modelled).",PAUL BISCHOFF   See more contacts,"Scenic and Sightseeing Transportation, Land ,  Scenic and Sightseeing Transportation ,  Transportation and Warehousing ,  Sightseeing bus","40972 Oak Ridge Dr Three Rivers, CA, 93271-9739 United States",(559) 561-4189,www.sequoiatours.com,No Data,2,No Data,2007,2015,3.0,3.0
Shadow Ridge Farms Horse,"Shadow Ridge Farms Horse is located in Torrance, CA, United States and is part of the Scenic and Sightseeing Transportation, Land Industry. Shadow Ridge Farms Horse has 1 total employees across all of its locations and generates $168,750 in sales (USD). (Sales figure is modelled).",JOHN ARBUCKLE   See more contacts,"Scenic and Sightseeing Transportation, Land ,  Scenic and Sightseeing Transportation ,  Transportation and Warehousing ,  Horse drawn transportation services","2533 Dalemead St Torrance, CA, 90505-7024 United States",(310) 326-8179,No Data,No Data,1,No Data,1995,No Data,No Data,No Data
Jedac Transportation Inc.,"Jedac Transportation Inc. is located in Wildomar, CA, United States and is part of the Scenic and Sightseeing Transportation, Land Industry. Jedac Transportation Inc. has 2 total employees across all of its locations and generates $168,406 in sales (USD). (Sales figure is modelled).",Eva Molina   See more contacts,"Scenic and Sightseeing Transportation, Land ,  Scenic and Sightseeing Transportation ,  Transportation and Warehousing ,  Cabs, horse drawn: for hire","21465 Apricot Ln Wildomar, CA, 92595-8768 United States",(951) 201-7480,No Data,No Data,2,No Data,2009,2009,No Data,No Data
Fama Diversified Inc.,"Fama Diversified Inc. is located in El Monte, CA, United States and is part of the Scenic and Sightseeing Transportation, Land Industry. Fama Diversified Inc. has 2 total employees across all of its locations and generates $168,384 in sales (USD). (Sales figure is modelled).",OCTAVIO SANCHEZ   See more contacts,"Scenic and Sightseeing Transportation, Land ,  Scenic and Sightseeing Transportation ,  Transportation and Warehousing ,  Cabs, horse drawn: for hire","12154 Cherrylee Dr El Monte, CA, 91732-1510 United States",(626) 975-4464,No Data,No Data,2,No Data,2012,2012,No Data,No Data
Laura Frank,"Laura Frank is located in Sonoma, CA, United States and is part of the Scenic and Sightseeing Transportation, Land Industry. Laura Frank has 3 total employees across all of its locations and generates $139,042 in sales (USD). (Sales figure is modelled).",Robert Frank   See more contacts,"Scenic and Sightseeing Transportation, Land ,  Sporting Goods, Hobby, and Musical Instrument Stores ,  Scenic and Sightseeing Transportation ,  Transportation and Warehousing ,  Scenic railroads for amusement","20264 Broadway Sonoma, CA, 95476-7568 United States",(707) 938-3912,www.traintown.com,No Data,3,No Data,1968,No Data,No Data,No Data
Spike Golden Entertainment Inc,"Spike Golden Entertainment Inc is located in Folsom, CA, United States and is part of the Scenic and Sightseeing Transportation, Land Industry. Spike Golden Entertainment Inc has 2 total employees across all of its locations and generates $137,410 in sales (USD). (Sales figure is modelled).",Terry Gold   See more contacts,"Scenic and Sightseeing Transportation, Land ,  Scenic and Sightseeing Transportation ,  Transportation and Warehousing ,  Scenic railroads for amusement","121 Dunstable Way Folsom, CA, 95630-6838 United States",(916) 983-1873,No Data,No Data,2,No Data,2001,1998,No Data,No Data
Fillmore Equestrian Center,"Fillmore Equestrian Center is located in Fillmore, CA, United States and is part of the Scenic and Sightseeing Transportation, Land Industry. Fillmore Equestrian Center has 2 total employees across all of its locations and generates $133,631 in sales (USD). (Sales figure is modelled).",DYLAN SNOW   See more contacts,"Scenic and Sightseeing Transportation, Land ,  Scenic and Sightseeing Transportation ,  Transportation and Warehousing ,  Horse drawn transportation services","308 Chambersburg Rd Fillmore, CA, 93015-9700 United States",(805) 340-1448,www.fillmoreca.com,No Data,2,No Data,2004,No Data,No Data,No Data
"R&B Franchises, LLC","R&B Franchises, LLC is located in Los Angeles, CA, United States and is part of the Scenic and Sightseeing Transportation, Land Industry. R&B Franchises, LLC has 5 total employees across all of its locations and generates $133,100 in sales (USD). (Sales figure is modelled).",Richard Burton   See more contacts,"Scenic and Sightseeing Transportation, Land ,  Motion Picture and Video Industries ,  Scenic and Sightseeing Transportation ,  Transportation and Warehousing ,  Horse drawn transportation services","1426 E 48TH Pl Los Angeles, CA, 90011-4418 United States",(213) 810-6560,No Data,No Data,5,No Data,2014,No Data,No Data,No Data
Carriages For Hire,"Carriages For Hire is located in Placerville, CA, United States and is part of the Scenic and Sightseeing Transportation, Land Industry. Carriages For Hire has 2 total employees across all of its locations and generates $131,612 in sales (USD). (Sales figure is modelled).",SHARON EVANS   See more contacts,"Scenic and Sightseeing Transportation, Land ,  Scenic and Sightseeing Transportation ,  Transportation and Warehousing ,  Carriages, horse drawn: for hire","4880 Holm Rd Placerville, CA, 95667-7818 United States",(530) 622-4677,No Data,No Data,2,No Data,1983,No Data,No Data,No Data
Manjit S Pal,"Manjit S Pal is located in Sacramento, CA, United States and is part of the Scenic and Sightseeing Transportation, Land Industry. Manjit S Pal has 2 total employees across all of its locations and generates $127,221 in sales (USD). (Sales figure is modelled).",Manjit Singh Pal   See more contacts,"Scenic and Sightseeing Transportation, Land ,  Scenic and Sightseeing Transportation ,  Transportation and Warehousing ,  Cabs, horse drawn: for hire","7036 Kilkenny Dr Sacramento, CA, 95842-1929 United States",(916) 344-3867,No Data,No Data,2,No Data,1997,No Data,No Data,No Data
Fancy Ferriage By Horse & Carriage,"Fancy Ferriage By Horse & Carriage is located in Martinez, CA, United States and is part of the Consumer Goods Rental Industry. Fancy Ferriage By Horse & Carriage has 2 total employees across all of its locations and generates $125,790 in sales (USD). (Sales figure is modelled).",Connie J Hodgson   See more contacts,"Consumer Goods Rental ,  Other Transportation Equipment Manufacturing ,  Scenic and Sightseeing Transportation, Land ,  Saddlehorse rental ,  Carriages, horse drawn","1033 Veterans Ct Martinez, CA, 94553-4622 United States",(925) 228-7766,www.fancyferriage.com,No Data,2,No Data,1993,No Data,No Data,No Data
Two Horse Enterprises,"Two Horse Enterprises is located in Fremont, CA, United States and is part of the Scenic and Sightseeing Transportation, Land Industry. Two Horse Enterprises has 3 total employees across all of its locations and generates $125,599 in sales (USD). (Sales figure is modelled).",Bonnie Davis   See more contacts,"Scenic and Sightseeing Transportation, Land ,  Scenic and Sightseeing Transportation ,  Transportation and Warehousing ,  Horse drawn transportation services","47639 Bannon Ct Fremont, CA, 94539-7507 United States",(925) 523-3241,No Data,No Data,3,No Data,1997,No Data,No Data,No Data
Ginger Grano,"Ginger Grano is located in Riverside, CA, United States and is part of the Scenic and Sightseeing Transportation, Land Industry. Ginger Grano has 2 total employees across all of its locations and generates $120,000 in sales (USD). (Employees and Sales figures are modelled).",GINGER GRANO   See more contacts,"Scenic and Sightseeing Transportation, Land ,  Scenic and Sightseeing Transportation ,  Transportation and Warehousing ,  Carriages, horse drawn: for hire","3491 Market St Riverside, CA, 92501-2825 United States",(951) 781-0780,No Data,2,2,No Data,No Data,No Data,No Data,No Data
Fiesta Tours,"Fiesta Tours is located in Torrance, CA, United States and is part of the Scenic and Sightseeing Transportation, Land Industry. Fiesta Tours has 3 total employees across all of its locations and generates $107,436 in sales (USD). (Sales figure is modelled).",ROY R DAVILA   See more contacts,"Scenic and Sightseeing Transportation, Land ,  Travel Arrangement and Reservation Services ,  Scenic and Sightseeing Transportation ,  Transportation and Warehousing ,  Sightseeing bus","21430 Anza Ave Torrance, CA, 90503-5422 United States",(310) 542-8834,www.fiestatoursca.com,No Data,3,No Data,1988,No Data,3.0,3.0
Raja Chandulal,"Raja Chandulal is located in San Francisco, CA, United States and is part of the Scenic and Sightseeing Transportation, Land Industry. Raja Chandulal has 4 total employees across all of its locations and generates $105,861 in sales (USD). (Employees and Sales figures are modelled).",Chandulal Raja   See more contacts,"Scenic and Sightseeing Transportation, Land ,  Scenic and Sightseeing Transportation ,  Transportation and Warehousing ,  Sightseeing bus","3565 Fillmore St APT 301 San Francisco, CA, 94123-2154 United States",(415) 722-3127,No Data,4,4,No Data,2018,No Data,No Data,No Data
Peppermint Creek Carriage Co,"Peppermint Creek Carriage Co is located in Jamestown, CA, United States and is part of the Scenic and Sightseeing Transportation, Land Industry. Peppermint Creek Carriage Co has 2 total employees across all of its locations and generates $105,217 in sales (USD). (Sales figure is modelled).",EARLENE SMITH   See more contacts,"Scenic and Sightseeing Transportation, Land ,  Scenic and Sightseeing Transportation ,  Transportation and Warehousing ,  Carriages, horse drawn: for hire","19925 Peppermint Falls Rd Jamestown, CA, 95327-9682 United States",(209) 533-2599,www.peppermintcreekcarriage.com,No Data,2,No Data,2008,No Data,No Data,No Data
Town & Country Carriage,"Town & Country Carriage is located in Palmdale, CA, United States and is part of the Scenic and Sightseeing Transportation, Land Industry. Town & Country Carriage has 4 total employees across all of its locations and generates $101,989 in sales (USD). (Employees and Sales figures are modelled).",DOLLY KOURI   See more contacts,"Scenic and Sightseeing Transportation, Land ,  Scenic and Sightseeing Transportation ,  Transportation and Warehousing ,  Carriages, horse drawn: for hire","2809 W Avenue M8 Palmdale, CA, 93551-1746 United States",(661) 267-0866,No Data,4,4,No Data,2004,No Data,No Data,No Data
California Sightseeing Tours,"California Sightseeing Tours is located in San Francisco, CA, United States and is part of the Scenic and Sightseeing Transportation, Land Industry. California Sightseeing Tours has 2 total employees across all of its locations and generates $92,693 in sales (USD). (Sales figure is modelled).",MARY LILJHAL   See more contacts,"Scenic and Sightseeing Transportation, Land ,  Scenic and Sightseeing Transportation ,  Transportation and Warehousing ,  Sightseeing bus","2270 Jerrold Ave San Francisco, CA, 94124-1012 United States",(415) 647-9012,No Data,No Data,2,No Data,2010,No Data,No Data,No Data
"Adama, Yassin","Adama, Yassin is located in San Diego, CA, United States and is part of the Scenic and Sightseeing Transportation, Land Industry. Adama, Yassin has 2 total employees across all of its locations and generates $79,582 in sales (USD). (Sales figure is modelled).",Yassin Adam   See more contacts,"Scenic and Sightseeing Transportation, Land ,  Scenic and Sightseeing Transportation ,  Transportation and Warehousing ,  Cabs, horse drawn: for hire","4016 49TH St San Diego, CA, 92105-2018 United States",(619) 634-5075,No Data,No Data,2,No Data,2007,No Data,No Data,No Data
Hassan Mohamed,"Hassan Mohamed is located in San Diego, CA, United States and is part of the Scenic and Sightseeing Transportation, Land Industry. Hassan Mohamed has 1 total employees across all of its locations and generates $76,720 in sales (USD). (Sales figure is modelled).",Hassan Mohamed   See more contacts,"Scenic and Sightseeing Transportation, Land ,  Scenic and Sightseeing Transportation ,  Transportation and Warehousing ,  Cabs, horse drawn: for hire","830 Winston Dr San Diego, CA, 92114-1041 United States",(602) 516-6151,No Data,No Data,1,No Data,2012,No Data,No Data,No Data
Old River Carriage & Livery Stable,"Old River Carriage & Livery Stable is located in Bakersfield, CA, United States and is part of the Scenic and Sightseeing Transportation, Land Industry. Old River Carriage & Livery Stable has 2 total employees across all of its locations and generates $72,566 in sales (USD). (Sales figure is modelled).",MARK MALLORY   See more contacts,"Scenic and Sightseeing Transportation, Land ,  Scenic and Sightseeing Transportation ,  Transportation and Warehousing ,  Horse drawn transportation services","13507 Luttrell Ct Bakersfield, CA, 93313-9692 United States",(661) 398-0784,No Data,No Data,2,No Data,2003,No Data,No Data,No Data
Jd's Wheelchair Mobile Service,"Jd's Wheelchair Mobile Service is located in Hercules, CA, United States and is part of the Scenic and Sightseeing Transportation, Land Industry. Jd's Wheelchair Mobile Service has 1 total employees across all of its locations and generates $67,059 in sales (USD). (Sales figure is modelled).",Felimino Dumalag   See more contacts,"Scenic and Sightseeing Transportation, Land ,  Other Support Services ,  Scenic and Sightseeing Transportation ,  Transportation and Warehousing ,  Cabs, horse drawn: for hire","337 Sparrow Dr Hercules, CA, 94547-1508 United States",(415) 990-5836,No Data,No Data,1,No Data,2013,No Data,No Data,No Data
"Doubletree Carriages, Inc.","Doubletree Carriages, Inc. is located in Phelan, CA, United States and is part of the Scenic and Sightseeing Transportation, Land Industry. Doubletree Carriages, Inc. has 2 total employees across all of its locations and generates $66,885 in sales (USD). (Sales figure is modelled).",Marnan Morison   See more contacts,"Scenic and Sightseeing Transportation, Land ,  Scenic and Sightseeing Transportation ,  Transportation and Warehousing ,  Carriages, horse drawn: for hire","11025 Clovis Rd Phelan, CA, 92371-8181 United States",(951) 640-1972,No Data,No Data,2,No Data,2018,2018,No Data,No Data
Company_Name,Company_Description,Key_Principal,Industry,Address,Phone,website,Employee(This site),Employee(All site),Revenue,Year started,Incorporated,ESG ranking,ESG industry average
Michael Watson,"Michael Watson is located in Fredericksburg, VA, United States and is part of the Urban Transit Systems Industry. Michael Watson has 1 total employees across all of its locations and generates $58,558 in sales (USD). (Sales figure is modelled).",Michael Watson   See more contacts,"Urban Transit Systems ,  Interurban and Rural Bus Transportation ,  Charter Bus Industry ,  Scenic and Sightseeing Transportation, Land ,  Bus transportation","10520 Abberly Village Ln APT 130 Fredericksburg, VA, 22407-2729 United States",(415) 272-8730,No Data,No Data,1,No Data,2011,No Data,No Data,No Data
"Sacramento Modular Railroaders, Inc.","Sacramento Modular Railroaders, Inc. is located in Woodland, CA, United States and is part of the Scenic and Sightseeing Transportation, Land Industry. Sacramento Modular Railroaders, Inc. has 4 total employees across all of its locations and generates $51,514 in sales (USD). (Employees and Sales figures are modelled).",NILS E PULTZ   See more contacts,"Scenic and Sightseeing Transportation, Land ,  Business, Professional, Labor, Political, and Similar Organizations ,  Scenic and Sightseeing Transportation ,  Transportation and Warehousing ,  Scenic railroads for amusement","211 Cedar Ln Woodland, CA, 95695-5312 United States",(530) 666-0513,No Data,4,4,No Data,2009,1985,No Data,No Data
Minis Allacart,"Minis Allacart is located in Alta Loma, CA, United States and is part of the Scenic and Sightseeing Transportation, Land Industry. Minis Allacart has 1 total employees across all of its locations and generates $50,000 in sales (USD). (Sales figure is modelled).",Leslie Bronikowski   See more contacts,"Scenic and Sightseeing Transportation, Land ,  Scenic and Sightseeing Transportation ,  Transportation and Warehousing ,  Carriages, horse drawn: for hire","9987 Timbermist Ct Alta Loma, CA, 91737-2935 United States",(909) 484-9973,No Data,No Data,1,No Data,2003,No Data,No Data,No Data
Riverside Live Steamers,"Riverside Live Steamers is located in Riverside, CA, United States and is part of the Scenic and Sightseeing Transportation, Land Industry. Riverside Live Steamers has 8 total employees across all of its locations and generates $41,872 in sales (USD).",Jim Bromar   See more contacts,"Scenic and Sightseeing Transportation, Land ,  Restaurants and Other Eating Places ,  Scenic and Sightseeing Transportation ,  Transportation and Warehousing ,  Scenic railroads for amusement","1496 Columbia Ave Riverside, CA, 92507-2017 United States",(951) 779-9024,www.riversidelivesteamers.com,No Data,8,No Data,1966,1966,No Data,No Data
Los Angeles Live Steamers,"Los Angeles Live Steamers is located in Los Angeles, CA, United States and is part of the Scenic and Sightseeing Transportation, Land Industry. Los Angeles Live Steamers has 1 total employees across all of its locations and generates $35,903 in sales (USD). (Sales figure is modelled).",Ron Burgman   See more contacts,"Scenic and Sightseeing Transportation, Land ,  Scenic and Sightseeing Transportation ,  Transportation and Warehousing ,  Scenic railroads for amusement","5202 Zoo Dr Los Angeles, CA, 90027-1472 United States",(323) 661-8958,www.arches.org,No Data,1,No Data,1956,1964,No Data,No Data
Sandiego Rail,"Sandiego Rail is located in Chula Vista, CA, United States and is part of the Scenic and Sightseeing Transportation, Land Industry. Sandiego Rail has 1 total employees across all of its locations and generates $34,256 in sales (USD). (Sales figure is modelled).",Richard Hamilson   See more contacts,"Scenic and Sightseeing Transportation, Land ,  Scenic and Sightseeing Transportation ,  Transportation and Warehousing ,  Scenic railroads for amusement","290 Landis Ave APT 9 Chula Vista, CA, 91910-2637 United States",(619) 948-1320,No Data,No Data,1,No Data,2002,No Data,No Data,No Data
Myia L Davila,"Myia L Davila is located in Mariposa, CA, United States and is part of the Other Personal Services Industry. Myia L Davila has 1 total employees across all of its locations and generates $27,585 in sales (USD). (Sales figure is modelled).",Myia Davila   See more contacts,"Other Personal Services ,  Other Animal Production ,  Consumer Goods Rental ,  Scenic and Sightseeing Transportation, Land ,  Training services, horses (except racing horses)","4286 Spring Creek Dr Mariposa, CA, 95338-9395 United States",(209) 736-7095,No Data,No Data,1,No Data,2014,No Data,No Data,No Data
